name,Canonical SMILES,InChIKey,SPECTRUMID,Toxicity Value
Etamycin M+H,CC(C)CC1NC(=O)C(NC(=O)c2ncccc2O)C(C)OC(=O)C(c2ccccc2)N(C)C(=O)C(C)NC(=O)C(C(C)C(C)C)N(C)C(=O)CN(C)C(=O)C2CC(O)CN2C1=O,SATIISJKSAELDC-UHFFFAOYSA-N,CCMSLIB00000001631,3999.886233
Gallic acid M+H,O=C(O)c1cc(O)c(O)c(O)c1,LNTHITQWFMADLM-UHFFFAOYSA-N,CCMSLIB00000078850,4999.999997
Salicylic acid M+H,O=C(O)c1ccccc1O,YGSDEFSMJLZEOE-UHFFFAOYSA-N,CCMSLIB00000078854,1486.58535
Physostigmine M+H,CNC(=O)Oc1ccc2c(c1)C1(C)CCN(C)C1N2C,PIJVFDBKTWXHHD-UHFFFAOYSA-N,CCMSLIB00000081265,11.19991864
Monensin M+Na,CCC1(C2OC(C3OC(O)(CO)C(C)CC3C)CC2C)CCC(C2(C)CCC3(CC(O)C(C)C(C(C)C(OC)C(C)C(=O)O)O3)O2)O1,GAOZTHIDHYLHMS-UHFFFAOYSA-N,CCMSLIB00000081287,42.00118948
Propentofylline M+H,CCCn1cnc2c1c(=O)n(CCCCC(C)=O)c(=O)n2C,RBQOQRRFDPXAGN-UHFFFAOYSA-N,CCMSLIB00000081603,404.9920684
Dihydroergotamine M+H,CN1CC(C(=O)NC2(C)OC3(O)C4CCCN4C(=O)C(Cc4ccccc4)N3C2=O)CC2c3cccc4[nH]cc(c34)CC21,LUZRJRNZXALNLM-UHFFFAOYSA-N,CCMSLIB00000081715,8000.150762
Quinidine M+H,C=CC1CN2CCC1CC2C(O)c1ccnc2ccc(OC)cc12,LOUPRKONTZGTKE-UHFFFAOYSA-N,CCMSLIB00000424789,640.9525808
Ibuprofen M+H,CC(C)Cc1ccc(C(C)C(=O)O)cc1,HEFNNWSXXWATRW-UHFFFAOYSA-N,CCMSLIB00000424946,1399.966066
Mycophenolic acid_130117 M+H,COc1c(C)c2c(c(O)c1CC=C(C)CCC(=O)O)C(=O)OC2,HPNSFSBZBAHARI-UHFFFAOYSA-N,CCMSLIB00000478521,5999.232063
Bis(2-ethylhexyl) phthalate M+H,CCCCC(CC)COC(=O)c1ccccc1C(=O)OCC(CC)CCCC,BJQHLKABXJIVAM-UHFFFAOYSA-N,CCMSLIB00000574967,34003.13392
Penicillin G M+H,CC1(C)SC2C(NC(=O)Cc3ccccc3)C(=O)N2C1C(=O)O,JGSARLDLIJGVTE-UHFFFAOYSA-N,CCMSLIB00003739952,5848.052459
Glutamic acid M+H,NC(CCC(=O)O)C(=O)O,WHUUTDBJXJRKMK-UHFFFAOYSA-N,CCMSLIB00003740029,2300
Glyphosate [M+H+] M+H,O=C(O)CNCP(=O)(O)O,XDDAORKBJWWYJS-UHFFFAOYSA-N,CCMSLIB00004684327,3799.932575
Methamphetamine M+H,CNC(C)Cc1ccccc1,MYWUZJCMWCOHBA-UHFFFAOYSA-N,CCMSLIB00004722181,10.4995075
Amoxicilin - Dark Web Drugs M+H,CC1(C)SC2C(NC(=O)C(N)c3ccc(O)cc3)C(=O)N2C1C(=O)O,LSQZJLSUYDQPKJ-UHFFFAOYSA-N,CCMSLIB00005434444,12499.62371
Ethylenediaminetetraacetic acid EDTA M+H,O=C(O)CN(CCN(CC(=O)O)CC(=O)O)CC(=O)O,KCXVZYZYPLLWCC-UHFFFAOYSA-N,CCMSLIB00005435779,2299.968522
ADIPATE M+Na,O=C(O)CCCCC(=O)O,WNLRTRBMVRJNCN-UHFFFAOYSA-N,CCMSLIB00005436137,10999.84947
RIBITOL M+Na,OCC(O)C(O)C(O)CO,HEBKCHPVOIAQTA-UHFFFAOYSA-N,CCMSLIB00005436148,25000.65728
SALICYLAMIDE M+H,NC(=O)c1ccccc1O,SKZKKFZAGNVIMN-UHFFFAOYSA-N,CCMSLIB00005436155,3200.04667
BENZYL ALCOHOL M+H,OCc1ccccc1,WVDDGKGOMKODPV-UHFFFAOYSA-N,CCMSLIB00005436190,1040
Atropine M+H,CN1C2CCC1CC(OC(=O)C(CO)c1ccccc1)C2,RKUNBYITZUJHSG-UHFFFAOYSA-N,CCMSLIB00005720151,600.0518358
Orcinol M+H,Cc1cc(O)cc(O)c1,OIPPWFOQEKKFEE-UHFFFAOYSA-N,CCMSLIB00005721071,2400.019333
h_61_17_epioxandrolone M+H,CC12COC(=O)CC1CCC1C2CCC2(C)C1CCC2(C)O,QSLJIVKCVHQPLV-UHFFFAOYSA-N,CCMSLIB00005723835,4999.249455
4-AMINOBENZOATE - 20.0 eV M+H,Nc1ccc(C(=O)O)cc1,ALYNCZNDIQEVRV-UHFFFAOYSA-N,CCMSLIB00005883526,2138.956159
NICOTINATE - 20.0 eV M+H,O=C(O)c1cccnc1,PVNIIMVLHYAWGP-UHFFFAOYSA-N,CCMSLIB00005883658,4549.963045
"3,4-DIHYDROXY-L-PHENYLALANINE - 20.0 eV M+H",NC(Cc1ccc(O)c(O)c1)C(=O)O,WTDRDQBEARUVNC-UHFFFAOYSA-N,CCMSLIB00005883814,706.2948897
BIS(3-AMINOPROPYL)AMINE - 20.0 eV M+H,NCCCNCCCN,OTBHHUPVCYLGQO-UHFFFAOYSA-N,CCMSLIB00005883922,209.9951988
L-CARNITINE - 20.0 eV M+H,C[N+](C)(C)CC(O)CC(=O)O,PHIQHXFUZVPYII-UHFFFAOYSA-O,CCMSLIB00005884287,5400.033292
5-HYDROXY-L-TRYPTOPHAN - 20.0 eV M+H,NC(Cc1c[nH]c2ccc(O)cc12)C(=O)O,LDCYZAJDBXYCGN-UHFFFAOYSA-N,CCMSLIB00005884711,284.9896469
Carbenoxolone M+H,CC1(C(=O)O)CCC2(C)CCC3(C)C(=CC(=O)C4C5(C)CCC(OC(=O)CCC(=O)O)C(C)(C)C5CCC43C)C2C1,OBZHEBDUNPOCJG-UHFFFAOYSA-N,CCMSLIB00006126866,2000.115634
Methamidophos M+H,COP(N)(=O)SC,NNKVPIKMPCQWCG-UHFFFAOYSA-N,CCMSLIB00006718059,9.999858289
"2,4-Dinitrophenol M-H",O=[N+]([O-])c1ccc(O)c([N+](=O)[O-])c1,UFBJCMHMOXMLKC-UHFFFAOYSA-N,CCMSLIB00006718064,30.00048882
Diethyltoluamide (DEET) M+H,CCN(CC)C(=O)c1cccc(C)c1,MMOXZBCLCQITDF-UHFFFAOYSA-N,CCMSLIB00006718072,1583.966874
Hydroquinone M+H,Oc1ccc(O)cc1,QIGBRXMKCJKVMJ-UHFFFAOYSA-N,CCMSLIB00006718073,199.9963675
methylphenidate M+H,COC(=O)C(c1ccccc1)C1CCCCN1,DUGOZIWVEXMGBE-UHFFFAOYSA-N,CCMSLIB00010011922,899.9961418
Flurbiprofen M-H,CC(C(=O)O)c1ccc(-c2ccccc2)c(F)c1,SYTBZMRGLBWNTM-UHFFFAOYSA-N,CCMSLIB00010011931,289.9940637
Benzoic acid M-H,O=C(O)c1ccccc1,WPYMKLBDIGXBTP-UHFFFAOYSA-N,CCMSLIB00010012074,1999.950868
Enrofloxacin M+H,CCN1CCN(c2cc3c(cc2F)c(=O)c(C(=O)O)cn3C2CC2)CC1,SPFYMRJSYKOXGV-UHFFFAOYSA-N,CCMSLIB00011427557,499.9986086
Sulfadimethoxine-d6 M+H,COc1cc(NS(=O)(=O)c2ccc(N)cc2)nc(OC)n1,ZZORFUFYDOWNEF-UHFFFAOYSA-N,CCMSLIB00011428615,999.9838876
Isophorone M+H,CC1=CC(=O)CC(C)(C)C1,HJOVHMDZYOCNQW-UHFFFAOYSA-N,CCMSLIB00012052585,1419.999999
Bupivacaine M+H,CCCCN1CCCCC1C(=O)Nc1c(C)cccc1C,LEBVLXFERQHONN-UHFFFAOYSA-N,CCMSLIB00012176188,17.99781582
Diethyl Phthalate M+H,CCOC(=O)c1ccccc1C(=O)OCC,FLKPEMZONWLCSK-UHFFFAOYSA-N,CCMSLIB00012194725,1000.000001
DIETHANOLAMINE M+H,OCCNCCO,ZBCBWPMODOFKDW-UHFFFAOYSA-N,CCMSLIB00013583122,2200.062774
URACIL M+H,O=c1cc[nH]c(=O)[nH]1,ISAKRJDGNUQOIC-UHFFFAOYSA-N,CCMSLIB00013583142,10000.17843
Diclofenac [M+H]+,O=C(O)Cc1ccccc1Nc1c(Cl)cccc1Cl,DCOPUUMXTXDBNB-UHFFFAOYSA-N,CCMSLIB00015625747,156.971903
Warfarin [M+H]+,CC(=O)CC(c1ccccc1)c1c(O)c2ccccc2oc1=O,PJVWKTKQMONHTI-UHFFFAOYSA-N,CCMSLIB00015625754,799.9143774
Bumetanide [M+H]+,CCCCNc1cc(C(=O)O)cc(S(N)(=O)=O)c1Oc1ccccc1,MAEIEVLCKWDQJH-UHFFFAOYSA-N,CCMSLIB00015625758,349.97791
Promethazine [M+H]+,CC(CN1c2ccccc2Sc2ccccc21)N(C)C,PWWVAXIEGOYWEE-UHFFFAOYSA-N,CCMSLIB00015625804,579.9429029
Indomethacin M+H,COc1ccc2c(c1)c(CC(=O)O)c(C)n2C(=O)c1ccc(Cl)cc1,CGIGDMFJXJATDK-UHFFFAOYSA-N,CCMSLIB00000004233,135.0026412
Tretinoin M+H,CC(C=CC1=C(C)CCCC1(C)C)=CC=CC(C)=CC(=O)O,SHGAZHPCJJPHSC-UHFFFAOYSA-N,CCMSLIB00000004323,1959.726004
Sotalol M+H,CC(C)NCC(O)c1ccc(NS(C)(=O)=O)cc1,ZBMZVLHSJCTVON-UHFFFAOYSA-N,CCMSLIB00000004499,999.9999996
Sulfisoxazole M+H,Cc1noc(NS(=O)(=O)c2ccc(N)cc2)c1C,NHUHCSRWZMLRLA-UHFFFAOYSA-N,CCMSLIB00000004605,20000.00001
Natamycin M+H,CC1CC=CC=CC=CC=CC(OC2OC(C)C(O)C(N)C2O)CC2OC(O)(CC(O)CC3OC3C=CC(=O)O1)CC(O)C2C(=O)O,NCXMLFZGDNKEPB-UHFFFAOYSA-N,CCMSLIB00000004692,1419.929611
Dipyridamole M+H,OCCN(CCO)c1nc(N2CCCCC2)c2nc(N(CCO)CCO)nc(N3CCCCC3)c2n1,IZEKFCXSFNUWAM-UHFFFAOYSA-N,CCMSLIB00000004982,4249.696813
Furosemide M+H,NS(=O)(=O)c1cc(C(=O)O)c(NCc2ccco2)cc1Cl,ZZUFCTLCJUWOSV-UHFFFAOYSA-N,CCMSLIB00000005254,799.9782309
Etoposide M+H,COc1cc(C2c3cc4c(cc3C(OC3OC5COC(C)OC5C(O)C3O)C3COC(=O)C23)OCO4)cc(OC)c1O,VJJPUSNTGOMMGY-UHFFFAOYSA-N,CCMSLIB00000005536,147.009491
Chlorprothixene M+H,CN(C)CCC=C1c2ccccc2Sc2ccc(Cl)cc21,WSPOMRSOLSGNFJ-UHFFFAOYSA-N,CCMSLIB00000006200,182.0178616
Phenylbutazone M+H,CCCCC1C(=O)N(c2ccccc2)N(c2ccccc2)C1=O,VYMDGNCVAMGZFE-UHFFFAOYSA-N,CCMSLIB00000006293,781.0481182
Tranilast M+H,COc1ccc(C=CC(=O)Nc2ccccc2C(=O)O)cc1OC,NZHGWWWHIYHZNX-UHFFFAOYSA-N,CCMSLIB00000006383,2624.711308
Malotilate [M+Na],CC(C)OC(=O)C(C(=O)OC(C)C)=C1SC=CS1,YPIQVCUJEKAZCP-UHFFFAOYSA-N,CCMSLIB00000078021,706.0244807
Aniracetam [M+H],COc1ccc(C(=O)N2CCCC2=O)cc1,ZXNRTKGTQJPIJK-UHFFFAOYSA-N,CCMSLIB00000078081,1999.999999
Sulfasalazine (Azulfidine) [M+H],O=C(O)c1cc(N=Nc2ccc(S(=O)(=O)Nc3ccccn3)cc2)ccc1O,NCEXYHBECQHGNR-UHFFFAOYSA-N,CCMSLIB00000078189,7500.000006
Thiabendazole [M+H],c1ccc2[nH]c(-c3cscn3)nc2c1,WJCNZQLZVWNLKY-UHFFFAOYSA-N,CCMSLIB00000078268,3849.923483
Flubendazole (Flutelmium) [M+H],COC(=O)Nc1nc2ccc(C(=O)c3ccc(F)cc3)cc2[nH]1,CPEUVMUXAHMANV-UHFFFAOYSA-N,CCMSLIB00000078310,2559.934628
Bifonazole [M+H],c1ccc(-c2ccc(C(c3ccccc3)n3ccnc3)cc2)cc1,OCAPBUJLXMYKEJ-UHFFFAOYSA-N,CCMSLIB00000078316,4000.000002
Tolfenamic acid [M+H],Cc1c(Cl)cccc1Nc1ccccc1C(=O)O,YEZNLOUZAIOMLT-UHFFFAOYSA-N,CCMSLIB00000078358,561.9828205
Rebamipide [M+H],O=C(NC(Cc1cc(=O)[nH]c2ccccc12)C(=O)O)c1ccc(Cl)cc1,ALLWOAVDORUJLA-UHFFFAOYSA-N,CCMSLIB00000078401,3000.064725
Nitrendipine [M+H],CCOC(=O)C1=C(C)NC(C)=C(C(=O)OC)C1c1cccc([N+](=O)[O-])c1,PVHUJELLJLJGLN-UHFFFAOYSA-N,CCMSLIB00000078489,2500.235869
Phenacetin [M+H],CCOc1ccc(NC(C)=O)cc1,CPJSUEIXXCENMM-UHFFFAOYSA-N,CCMSLIB00000078517,2500.01395
Acemetacin (Emflex) [M+H],COc1ccc2c(c1)c(CC(=O)OCC(=O)O)c(C)n2C(=O)c1ccc(Cl)cc1,FSQKKOOTNAMONP-UHFFFAOYSA-N,CCMSLIB00000078527,299.979078
Moguisteine [M+Na],CCOC(=O)CC(=O)N1CCSC1COc1ccccc1OC,WSYVIAQNTFPTBI-UHFFFAOYSA-N,CCMSLIB00000078575,2827.891685
Ornidazole [M+H],Cc1ncc([N+](=O)[O-])n1CC(O)CCl,IPWKIXLWTCNBKN-UHFFFAOYSA-N,CCMSLIB00000078579,1999.92715
Amidopyrine [M+H],Cc1c(N(C)C)c(=O)n(-c2ccccc2)n1C,RMMXTBMQSGEXHJ-UHFFFAOYSA-N,CCMSLIB00000078610,599.9766533
"""7-nitro-5-phenyl-1,3-dihydro-1,4-benzodiazepin-2-one"" [M+H]",O=C1CN=C(c2ccccc2)c2cc([N+](=O)[O-])ccc2N1,KJONHKAYOJNZEC-UHFFFAOYSA-N,CCMSLIB00000078921,519.9981508
OXAPROZIN [M+H],O=C(O)CCc1nc(-c2ccccc2)c(-c2ccccc2)o1,OFPXSFXSNFPTHF-UHFFFAOYSA-N,CCMSLIB00000078946,171.9870994
LEVOSULPIRIDE [M+H],CCN1CCCC1CNC(=O)c1cc(S(N)(=O)=O)ccc1OC,BGRJTUBHPOOWDU-UHFFFAOYSA-N,CCMSLIB00000078968,2449.252995
TRICLABENDAZOLE [M+H],CSc1nc2cc(Cl)c(Oc3cccc(Cl)c3Cl)cc2[nH]1,NQPDXQQQCQDHHW-UHFFFAOYSA-N,CCMSLIB00000078991,206.0200465
rufloxacin monohydrochloride [M+H],CN1CCN(c2c(F)cc3c(=O)c(C(=O)O)cn4c3c2SCC4)CC1,NJCJBUHJQLFDSW-UHFFFAOYSA-N,CCMSLIB00000079024,659.9745749
Tramadol [M+H],COc1cccc(C2(O)CCCCC2CN(C)C)c1,TVYLLZQTGLZFBW-UHFFFAOYSA-N,CCMSLIB00000079046,499.9791176
Doxylamine  M+H,CN(C)CCOC(C)(c1ccccc1)c1ccccn1,HCFDWZZGGLSKEP-UHFFFAOYSA-N,CCMSLIB00000079106,249.9944522
"""1H-Imidazol-2-amine, N-(2,6-dichlorophenyl)-4,5-dihydro- [CAS]"" [M+H]",Clc1cccc(Cl)c1NC1=NCCN1,GJSURZIOUXUGAL-UHFFFAOYSA-N,CCMSLIB00000079123,79.99721854
Trazodone hydrochloride 25332-39-2 [M+H],O=c1n(CCCN2CCN(c3cccc(Cl)c3)CC2)nc2ccccn12,PHLBKPHSAVXXEF-UHFFFAOYSA-N,CCMSLIB00000079178,560.0421644
Labetalol  M+H,CC(CCc1ccccc1)NCC(O)c1ccc(O)c(C(N)=O)c1,SGUAFYQXFOLMHL-UHFFFAOYSA-N,CCMSLIB00000077054,1249.954325
MLS000111555-01! M+H,COC(=O)C1=COC(C)C2CN3CCc4c([nH]c5ccccc45)C3CC12,GRTOGORTSDXSFK-UHFFFAOYSA-N,CCMSLIB00000079416,499.9517636
MLS000516055-01! M+H,CCN(CC)C(=O)Cc1ccccc1,UXDAWVUDZLBBAM-UHFFFAOYSA-N,CCMSLIB00000080248,634.9867203
MLS002415725-01! M+H,C=CCOC(=O)c1ccccc1C(=O)OCC=C,QUDWYFHPNIMBFC-UHFFFAOYSA-N,CCMSLIB00000080495,1699.986193
MLS002207244-01!Thiophanate M23564-05-8 M+H,COC(=O)NC(=S)Nc1ccccc1NC(=S)NC(=O)OC,QGHREAKMXXNCOA-UHFFFAOYSA-N,CCMSLIB00000084811,2269.986738
MLS001201741-01!Phentolamine M+H,Cc1ccc(N(CC2=NCCN2)c2cccc(O)c2)cc1,MRBDMNSDAVCSSF-UHFFFAOYSA-N,CCMSLIB00000084971,1999.936025
MLS001148124-01! M+H,CCCCCCCCNC(C)C(O)c1ccc(SC(C)C)cc1,BFCDFTHTSVTWOG-UHFFFAOYSA-N,CCMSLIB00000085090,1195.095579
MLS001077311-01!2062-78-4 M+H,O=c1[nH]c2ccccc2n1C1CCN(CCCC(c2ccc(F)cc2)c2ccc(F)cc2)CC1,YVUQSNJEYSNKRX-UHFFFAOYSA-N,CCMSLIB00000085145,39.99514682
MLS002701928-01! M+H,C=C(CC)C(=O)c1ccc(OCC(=O)O)c(Cl)c1Cl,AVOLMBLBETYQHX-UHFFFAOYSA-N,CCMSLIB00000085228,448.9837072
MLS002154123-01!Piretanide55837-27-9 M+H,NS(=O)(=O)c1cc(C(=O)O)cc(N2CCCC2)c1Oc1ccccc1,UJEWTUDSLQGTOA-UHFFFAOYSA-N,CCMSLIB00000085312,959.9814564
MLS001148121-01! M+H,Nc1ccc(C(=O)O)c(O)c1,WUBBRNOQWQTFEX-UHFFFAOYSA-N,CCMSLIB00000085432,3650.071508
MLS002153860-01!Trolox53188-07-1 M+H,Cc1c(C)c2c(c(C)c1O)CCC(C)(C(=O)O)O2,GLEVLJDDWXEYCO-UHFFFAOYSA-N,CCMSLIB00000085558,1999.968039
"""MLS000028644-01!3-(3,4-DIHYDROXYPHENYL)-2-METHYL-L-ALANINE"" M+H",CC(N)(Cc1ccc(O)c(O)c1)C(=O)O,CJCSPKMFHVPWAR-UHFFFAOYSA-N,CCMSLIB00000085614,712.9763703
MLS001066617-01!DANAZOL M+H,C#CC1(O)CCC2C3CCC4=Cc5oncc5CC4(C)C3CCC21C,POZRVZJJTULAOH-UHFFFAOYSA-N,CCMSLIB00000085695,5000.548205
MLS002207187-01!TEMEPHOS3383-96-8 M+H,COP(=S)(OC)Oc1ccc(Sc2ccc(OP(=S)(OC)OC)cc2)cc1,WWJZWCUNLNYYAU-UHFFFAOYSA-N,CCMSLIB00000085758,313.0140906
MLS002152928-01!92-84-2 M+H,c1ccc2c(c1)Nc1ccccc1S2,WJFKNYWRSNBZNX-UHFFFAOYSA-N,CCMSLIB00000085764,3999.839416
MLS002207243-01!Diazinon333-41-5 M+H,CCOP(=S)(OCC)Oc1cc(C)nc(C(C)C)n1,FHIVAFMUCKRCQO-UHFFFAOYSA-N,CCMSLIB00000085870,142.9990601
MLS002207196-01!Dimethoate60-51-5 M+H,CNC(=O)CSP(=S)(OC)OC,MCWXGJITAZMZEV-UHFFFAOYSA-N,CCMSLIB00000085896,300.0484162
MLS000756891-01!Oxamniquine M+H,CC(C)NCC1CCc2cc(CO)c([N+](=O)[O-])cc2N1,XCGYUJZMCCFSRP-UHFFFAOYSA-N,CCMSLIB00000085979,499.9821012
MLS002207036-01!Propachlor1918-16-7 M+H,CC(C)N(C(=O)CCl)c1ccccc1,MFOUDYKPLGXPGO-UHFFFAOYSA-N,CCMSLIB00000085991,391.9962965
MLS002222329-01!26305-03-3 M+H,CC(C)CC(=O)NC(C(=O)NC(C(=O)NC(CC(C)C)C(O)CC(=O)NC(C)C(=O)NC(CC(C)C)C(O)CC(=O)O)C(C)C)C(C)C,FAXGPCHRFPCXOO-UHFFFAOYSA-N,CCMSLIB00000086129,1999.988336
MLS001056774-01!S(?)-Pindolol M+H,CC(C)NCC(O)COc1cccc2[nH]ccc12,JZQKKSLKJUAGIC-UHFFFAOYSA-N,CCMSLIB00000086181,649.9842954
"Pesticide3_Fenuron_C9H12N2O_Urea, N,N-dimethyl-N'-phenyl- M+H",CN(C)C(=O)Nc1ccccc1,XXOYNJXVWVNOOJ-UHFFFAOYSA-N,CCMSLIB00001058211,4699.771018
"Pesticide3_Fluometuron_C10H11F3N2O_Urea, N,N-dimethyl-N'-[3-(trifluoromethyl)phenyl]- M+H",CN(C)C(=O)Nc1cccc(C(F)(F)F)c1,RZILCCPWPBTYDO-UHFFFAOYSA-N,CCMSLIB00001058223,2499.94617
"Pesticide3_Linuron_C9H10Cl2N2O2_Urea, N'-(3,4-dichlorophenyl)-N-methoxy-N-methyl- M+H",CON(C)C(=O)Nc1ccc(Cl)c(Cl)c1,XKJMBINCVNINCA-UHFFFAOYSA-N,CCMSLIB00001058258,2249.936772
Pesticide10_Carbendazim_C9H9N3O2_mecarzole M+H,COC(=O)Nc1nc2ccccc2[nH]1,TWFZGCMQGLPBSX-UHFFFAOYSA-N,CCMSLIB00001058284,8160.000008
"Pesticide9_Mexacarbate_C12H18N2O2_4-(Dimethylamino)-3,5-dimethylphenyl methylcarbamate M+H",CNC(=O)Oc1cc(C)c(N(C)C)c(C)c1,YNEVBPNZHBAYOA-UHFFFAOYSA-N,CCMSLIB00001058314,36.99866842
"Pesticide2_Thidiazuron_C9H8N4OS_1-Phenyl-3-(1,2,3-thiadiazol-5-yl)urea M+H",O=C(Nc1ccccc1)Nc1cnns1,HFCYZXMHUIHAQI-UHFFFAOYSA-N,CCMSLIB00001058322,7099.774353
"Pesticide2_Tebuthiuron_C9H16N4OS_Urea, N-[5-(1,1-dimethylethyl)-1,3,4-thiadiazol-2-yl]-N,N'-dimethyl- M+H",CNC(=O)N(C)c1nnc(C(C)(C)C)s1,HBPDKDSFLXWOAE-UHFFFAOYSA-N,CCMSLIB00001058342,285.9987472
"Pesticide5_Ethofumesate_C13H18O5S_2-Ethoxy-3,3-dimethyl-2,3-dihydro-1-benzofuran-5-yl methanesulfonate M+K",CCOC1Oc2ccc(OS(C)(=O)=O)cc2C1(C)C,IRCMYGHHKLLGHV-UHFFFAOYSA-N,CCMSLIB00001058478,1000.003492
"Pesticide5_Bupirimate_C13H24N4O3S_Sulfamic acid, N,N-dimethyl-, 5-butyl-2-(ethylamino)-6-methyl-4-pyrimidinyl ester M+H",CCCCc1c(C)nc(NCC)nc1OS(=O)(=O)N(C)C,DSKJPMWIHSOYEA-UHFFFAOYSA-N,CCMSLIB00001058510,1999.955756
"Pesticide4_Triadimefon_C14H16ClN3O2_2-Butanone, 1-(4-chlorophenoxy)-3,3-dimethyl-1-(1H-1,2,4-triazol-1-yl)- M+H",CC(C)(C)C(=O)C(Oc1ccc(Cl)cc1)n1cncn1,WURBVZBTWMNKQT-UHFFFAOYSA-N,CCMSLIB00001058516,499.9931912
Pesticide6_Ethirimol_C11H19N3O_882476 M+H,CCCCc1c(C)[nH]c(NCC)nc1=O,BBXXLROWFHWFQY-UHFFFAOYSA-N,CCMSLIB00001058541,999.9856665
"Pesticide6_Paclobutrazol_C30H40Cl2N6O2_1H-1,2,4-Triazole-1-ethanol, beta-[(4-chlorophenyl)methyl]-alpha-(1,1-dimethylethyl)- M+H",CC(C)(C)C(O)C(Cc1ccc(Cl)cc1)n1cncn1,RMOGWMIKYWRTKW-UHFFFAOYSA-N,CCMSLIB00001058548,839.9771271
"Pesticide4_Amitraz_C19H23N3_N'-(2,4-Dimethylphenyl)-N-{(E)-[(2,4-dimethylphenyl)imino]methyl}-N-methylimidoformamide M+H",Cc1ccc(N=CN(C)C=Nc2ccc(C)cc2C)c(C)c1,QXAITBQSYVNQDR-UHFFFAOYSA-N,CCMSLIB00001058578,99.99522858
"Pesticide6_Diclobutrazol_C15H19Cl2N3O_1-(2,4-Dichlorophenyl)-4,4-dimethyl-2-(1H-1,2,4-triazol-1-yl)-3-pentanol M+H",CC(C)(C)C(O)C(Cc1ccc(Cl)cc1Cl)n1cncn1,URDNHJIVMYZFRT-UHFFFAOYSA-N,CCMSLIB00001058579,3999.475997
"Pesticide6_Tebuconazole_C16H22ClN3O_1-(4-Chlorophenyl)-4,4-dimethyl-3-(1H-1,2,4-triazol-1-ylmethyl)-3-pentanol M+H",CC(C)(C)C(O)(CCc1ccc(Cl)cc1)Cn1cncn1,PXMNMQRDXWABCY-UHFFFAOYSA-N,CCMSLIB00001058588,999.9837573
Pesticide1_Omethoate_C5H12NO4PS_ M+H,CNC(=O)CSP(=O)(OC)OC,PZXOQEXFMJCDPG-UHFFFAOYSA-N,CCMSLIB00001058630,49.99882734
Pesticide1_Monocrotophos_C7H14NO5P_Dimethyl (2E)-4-(methylamino)-4-oxo-2-buten-2-yl phosphate M+H,CNC(=O)C=C(C)OP(=O)(OC)OC,KRTSDMXIXPKRQR-UHFFFAOYSA-N,CCMSLIB00001058634,44.99899182
Pesticide1_Trichlorfon_C4H8Cl3O4P_Cekufon M+H,COP(=O)(OC)C(O)C(Cl)(Cl)Cl,NFACJZMKEDPNKN-UHFFFAOYSA-N,CCMSLIB00001058639,159.9956495
"Pesticide1_Vamidothion_C8H18NO4PS2_Phosphorothioic acid, O,O-dimethyl S-[2-[[1-methyl-2-(methylamino)-2-oxoethyl]thio]ethyl] ester M+H",CNC(=O)C(C)SCCSP(=O)(OC)OC,LESVOLZBIFDZGS-UHFFFAOYSA-N,CCMSLIB00001058650,159.9760565
Pesticide1_Carbaryl_C12H11NO2_1-Naphthyl methylcarbamate M+H,CNC(=O)Oc1cccc2ccccc12,CVXBEEMKQHEXEN-UHFFFAOYSA-N,CCMSLIB00001058720,709.9823586
MMV001499 M+H,CC1CS(=O)(=O)CCN1N=Cc1ccc([N+](=O)[O-])o1,ARFHIAQFJWUCFH-UHFFFAOYSA-N,CCMSLIB00004722097,1999.951272
Usnic acid [2M-2H+Na],CC(=O)c1c(O)c(C)c(O)c2c1OC1=CC(=O)C(=C(C)O)C(=O)C12C,WEYVVCKOOFYHRW-UHFFFAOYSA-N,CCMSLIB00005718996,499.9724093
Spectral Match to Cromolyn from NIST14 M+H,O=C(O)c1cc(=O)c2c(OCC(O)COc3cccc4oc(C(=O)O)cc(=O)c34)cccc2o1,IMZMKUWMOSJXDT-UHFFFAOYSA-N,CCMSLIB00003134785,8000.512414
Spectral Match to Acebutolol from NIST14 M+H,CCCC(=O)Nc1ccc(OCC(O)CNC(C)C)c(C(C)=O)c1,GOEMGAFJFRBGGG-UHFFFAOYSA-N,CCMSLIB00003135332,295.9718459
Spectral Match to Triethanolamine from NIST14 M+H,OCCN(CCO)CCO,GSEJCLTVZPLZKY-UHFFFAOYSA-N,CCMSLIB00003135968,2200.000001
Spectral Match to Butoxycarboxim from NIST14 M+Na,CNC(=O)ON=C(C)C(C)S(C)(=O)=O,CTJBHIROCMPUKL-UHFFFAOYSA-N,CCMSLIB00003136034,274.9925765
"Spectral Match to 1,4-Benzenediamine, N-phenyl- from NIST14 M+H",Nc1ccc(Nc2ccccc2)cc1,ATGUVEKSASEFFO-UHFFFAOYSA-N,CCMSLIB00003138733,4999.945724
Spectral Match to 2-tert-Butyl-4-(5-tert-butyl-4-hydroxy-2-methylphenyl)sulfanyl-5-methylphenol from NIST14 M+H,Cc1cc(O)c(C(C)(C)C)cc1Sc1cc(C(C)(C)C)c(O)cc1C,HXIQYSLFEXIOAV-UHFFFAOYSA-N,CCMSLIB00003139496,3199.580527
Spectral Match to Flutriafol from NIST14 M+H,OC(Cn1cncn1)(c1ccc(F)cc1)c1ccccc1F,JWUCHKBSVLQQCO-UHFFFAOYSA-N,CCMSLIB00003140117,199.9960174
"""(4R)-4-((3R,5S,7R,9S,10S,13R,14S,17R)-10,13-dimethyl-3,7-bis(sulfooxy)hexadecahydro-1H-cyclopenta[a]phenanthren-17-yl)pentanoic acid"" 2M+Na",CC(CCC(=O)O)C1CCC2C3C(OS(=O)(=O)O)CC4CC(OS(=O)(=O)O)CCC4(C)C3CCC12C,BWXSDJHAJWTEAD-UHFFFAOYSA-N,CCMSLIB00005464836,5999.913159
acetic_acid_butyl_ester M+H,CCCCOC(C)=O,DKPFZGUDAPQIHT-UHFFFAOYSA-N,CCMSLIB00006673886,3200
acetic_acid_isobutyl_ester 2M+Na,CC(=O)OCC(C)C,GJRQTCIYDGXPES-UHFFFAOYSA-N,CCMSLIB00006673888,4762.999998
isoamyl_isovalerate M+H,CC(C)CCOC(=O)CC(C)C,XINCECQTMHSORG-UHFFFAOYSA-N,CCMSLIB00006674698,13955.35189
isovaleric_acid_methyl_ester M+H,COC(=O)CC(C)C,OQAGVSWESNCJJT-UHFFFAOYSA-N,CCMSLIB00006674753,5692.999994
diflufenican [M+H]+,O=C(Nc1ccc(F)cc1F)c1cccnc1Oc1cccc(C(F)(F)F)c1,WYEHFWKAOXOVJD-UHFFFAOYSA-N,CCMSLIB00006581665,5000.012684
fenamiphos [M+H]+,CCOP(=O)(NC(C)C)Oc1ccc(SC)c(C)c1,ZCJPOPBZHLUFHF-UHFFFAOYSA-N,CCMSLIB00006581669,9.999868147
isoprothiolane [M+H]+,CC(C)OC(=O)C(C(=O)OC(C)C)=C1SCCS1,UFHLMYOGRXOCSL-UHFFFAOYSA-N,CCMSLIB00006581675,2319.952067
(Z)-chlorfenvinfos [M+H]+,CCOP(=O)(OCC)OC(=CCl)c1ccc(Cl)cc1Cl,FSAVDKDHPDSCTO-UHFFFAOYSA-N,CCMSLIB00006581688,300.0225266
chlorpyrifos-methyl [M+H]+,COP(=S)(OC)Oc1nc(Cl)c(Cl)cc1Cl,HRBKVYFZANMGRE-UHFFFAOYSA-N,CCMSLIB00006581689,1999.770571
coumaphos [M+H]+,CCOP(=S)(OCC)Oc1ccc2c(C)c(Cl)c(=O)oc2c1,BXNANOICGRISHX-UHFFFAOYSA-N,CCMSLIB00006581690,80.00639525
dichlorvos [M+H]+,COP(=O)(OC)OC=C(Cl)Cl,OEBRKCOSUFCWJD-UHFFFAOYSA-N,CCMSLIB00006581692,9.999728476
chlorpyrifos [M+H]+,CCOP(=S)(OCC)Oc1nc(Cl)c(Cl)cc1Cl,SBPBAQFWLVIOKP-UHFFFAOYSA-N,CCMSLIB00006581694,1000.025671
ethoprophos [M+H]+,CCCSP(=O)(OCC)SCCC,VJYFKVYYMZPMAB-UHFFFAOYSA-N,CCMSLIB00006581705,54.98956044
mecarbam [M+H]+,CCOC(=O)N(C)C(=O)CSP(=S)(OCC)OCC,KLGMSAOQDHLCOS-UHFFFAOYSA-N,CCMSLIB00006581720,60.00364318
methidathion [M+H]+,COc1nn(CSP(=S)(OC)OC)c(=O)s1,MEBQXILRKZHVCX-UHFFFAOYSA-N,CCMSLIB00006581724,62.99187334
phenthoate [M+H]+,CCOC(=O)C(SP(=S)(OC)OC)c1ccccc1,XAMUDJHXFNRLCY-UHFFFAOYSA-N,CCMSLIB00006581730,72.00629268
phospamidon [M+H]+,CCN(CC)C(=O)C(Cl)=C(C)OP(=O)(OC)OC,RGCLLPNLLBQHPF-UHFFFAOYSA-N,CCMSLIB00006581732,69.9997664
pirimiphos-methyl [M+H]+,CCN(CC)c1nc(C)cc(OP(=S)(OC)OC)n1,QHOQHJPRIBSPCY-UHFFFAOYSA-N,CCMSLIB00006581735,1150
quinalphos [M+H]+,CCOP(=S)(OCC)Oc1cnc2ccccc2n1,JYQUHIFYBATCCY-UHFFFAOYSA-N,CCMSLIB00006581739,49.99932949
tolylfluanid [M+H]+,Cc1ccc(N(SC(F)(Cl)Cl)S(=O)(=O)N(C)C)cc1,HYVWIQDYBVKITD-UHFFFAOYSA-N,CCMSLIB00006581746,500.0518338
chloridazon [M+H]+,Nc1cnn(-c2ccccc2)c(=O)c1Cl,WYKYKTKDBLFHCY-UHFFFAOYSA-N,CCMSLIB00006581757,1999.936836
phoxim [M+H]+,CCOP(=S)(OCC)ON=C(C#N)c1ccccc1,ATROHALUCMTWTB-UHFFFAOYSA-N,CCMSLIB00006581783,249.9966479
thiodicarb [M+H]+,CSC(C)=NOC(=O)N(C)SN(C)C(=O)ON=C(C)SC,XDOTVMNBCQVZKG-UHFFFAOYSA-N,CCMSLIB00006581823,556.0329388
triadimenol [M+H]+,CC(C)(C)C(O)C(Oc1ccc(Cl)cc1)n1cncn1,BAZVSMNPJJMILC-UHFFFAOYSA-N,CCMSLIB00006581841,1499.949286
Lappaconitine hydrobromide CollisionEnergy:102040 M+H,CCN1CC2(OC(=O)c3ccccc3NC(C)=O)CCC(OC)C34C1C(CC23)C1(O)CC(OC)C2CC4C1(O)C2OC,NWBWCXBPKTTZNQ-UHFFFAOYSA-N,CCMSLIB00010104739,16.29972123
CCG-208483 CollisionEnergy:102040 M+Na,CCC(C(=O)O)C1OC(C(C)C(O)C(C)C(=O)C(CC)C2OC3(C=CC(O)C4(CCC(C)(C5CCC(O)(CC)C(C)O5)O4)O3)C(C)CC2C)C(C)CC1C,VHKXXVVRRDYCIK-UHFFFAOYSA-N,CCMSLIB00010110195,15.49923011
BSPBio_001473 CollisionEnergy:102040 M-H,CC1CCC2(O)C3(C)CC4(O)OC2(C1O)C1(O)C3(O)C(OC(=O)c2ccc[nH]2)C(O)(C(C)C)C41C,JJSYXNQGLHBRRK-UHFFFAOYSA-N,CCMSLIB00010111678,649.9302006
bromocriptine CollisionEnergy:102040 M+H,CC(C)CC1C(=O)N2CCCC2C2(O)OC(NC(=O)C3C=C4c5cccc6[nH]c(Br)c(c56)CC4N(C)C3)(C(C)C)C(=O)N12,OZVBMTJYIDMWIL-UHFFFAOYSA-N,CCMSLIB00010112455,999.9908334
levamisole M+H,c1ccc(C2CN3CCSC3=N2)cc1,HLFSDGLLUJUHTE-UHFFFAOYSA-N,CCMSLIB00009919330,699.9725892
tizanidine M+H,Clc1ccc2nsnc2c1NC1=NCCN1,XFYDIVBRZNQMJC-UHFFFAOYSA-N,CCMSLIB00009919365,97.99690987
propoxyphene M+H,CCC(=O)OC(Cc1ccccc1)(c1ccccc1)C(C)CN(C)C,XLMALTXPSGQGBX-UHFFFAOYSA-N,CCMSLIB00009919371,82.00507245
Desipramine M+H,CNCCCN1c2ccccc2CCc2ccccc21,HCYAFALTSJYZDH-UHFFFAOYSA-N,CCMSLIB00009919495,1000.045048
Flurazepam M+H,CCN(CC)CCN1C(=O)CN=C(c2ccccc2F)c2cc(Cl)ccc21,SAADBVWGJQAEFS-UHFFFAOYSA-N,CCMSLIB00009919504,511.174003
PIRENZEPINE [M+H]+,CN1CCN(CC(=O)N2c3ccccc3C(=O)Nc3cccnc32)CC1,RMHMFHUVIITRHF-UHFFFAOYSA-N,CCMSLIB00012465045,2999.914631
SULFAMONOMETHOXINE [M+H]+,COc1cc(NS(=O)(=O)c2ccc(N)cc2)ncn1,WMPXPUYPYQKQCX-UHFFFAOYSA-N,CCMSLIB00012465093,10000.03568
METAPROTERENOL [M+K]+,CC(C)NCC(O)c1cc(O)cc(O)c1,LMOINURANNBYCM-UHFFFAOYSA-N,CCMSLIB00012465155,3109.98528
SULFAMETHOXYPYRIDAZINE [M+H]+,COc1ccc(NS(=O)(=O)c2ccc(N)cc2)nn1,VLYWMPOKSSWJAL-UHFFFAOYSA-N,CCMSLIB00012465200,2810.010026
NAPHAZOLINE [M+H]+,c1ccc2c(CC3=NCCN3)cccc2c1,CNIIGCLFLJGOGP-UHFFFAOYSA-N,CCMSLIB00012465301,49.99762222
METFORMIN [M+H]+,CN(C)C(=N)N=C(N)N,XZWYZXLIPXDOLR-UHFFFAOYSA-N,CCMSLIB00012465855,349.9810319
CEFADROXIL [M+H]+,CC1=C(C(=O)O)N2C(=O)C(NC(=O)C(N)c3ccc(O)cc3)C2SC1,BOEGTKLJZSQCCD-UHFFFAOYSA-N,CCMSLIB00012465883,6000.082556
VALPROATE [M+H]+,CCCC(CCC)C(=O)O,NIJJYAXOARWZEE-UHFFFAOYSA-N,CCMSLIB00012466278,1467.959284
DICLOXACILLIN [M+H]+,Cc1onc(-c2c(Cl)cccc2Cl)c1C(=O)NC1C(=O)N2C1SC(C)(C)C2C(=O)O,YFAGHNZHGGCZAX-UHFFFAOYSA-N,CCMSLIB00012466515,4999.638558
IMIPRAMINE [M+H]+,CN(C)CCCN1c2ccccc2CCc2ccccc21,BCGWQEUPMDMJNV-UHFFFAOYSA-N,CCMSLIB00012466544,384.9794053
SPIRONOLACTONE [M+H]+,CC(=O)SC1CC2=CC(=O)CCC2(C)C2CCC3(C)C(CCC34CCC(=O)O4)C12,LXMSZDCAJNLERA-UHFFFAOYSA-N,CCMSLIB00012466594,1000.040809
DIFLUNISAL [M+H]+,O=C(O)c1cc(-c2ccc(F)cc2F)ccc1O,HUPFGZXOMWLGNK-UHFFFAOYSA-N,CCMSLIB00012466615,603.0000003
IPRATROPIUM [M]+,CC(C)[N+]1(C)C2CCC1CC(OC(=O)C(CO)c1ccccc1)C2,OEXHQOGQTVQTAT-UHFFFAOYSA-N,CCMSLIB00012466639,1557.168596
DYCLONINE [M+H]+,CCCCOc1ccc(C(=O)CCN2CCCCC2)cc1,BZEWSEKUUPWQDQ-UHFFFAOYSA-N,CCMSLIB00012466764,239.9842442
THIORIDAZINE [M+H]+,CSc1ccc2c(c1)N(CCC1CCCCN1C)c1ccccc1S2,KLBQZWRITKRQQV-UHFFFAOYSA-N,CCMSLIB00012466865,1148.952832
FENOTEROL [M+H]+,CC(Cc1ccc(O)cc1)NCC(O)c1cc(O)cc(O)c1,LSLYOANBFKQKPT-UHFFFAOYSA-N,CCMSLIB00012466907,5112.865159
BROMHEXINE [M+H]+,CN(Cc1cc(Br)cc(Br)c1N)C1CCCCC1,OJGDCBLYJGHCIH-UHFFFAOYSA-N,CCMSLIB00012467724,9999.840478
TRIENTINE [M+H]+,NCCNCCNCCN,VILCJCGEZXAXTO-UHFFFAOYSA-N,CCMSLIB00012467798,5499.699125
MEXILETINE [M+H]+,Cc1cccc(C)c1OCC(C)N,VLPIATFUUWWMKC-UHFFFAOYSA-N,CCMSLIB00012467877,159.9973226
CLOPIDOL [M+H]+,Cc1[nH]c(C)c(Cl)c(=O)c1Cl,ZDPIZLCVJAAHHR-UHFFFAOYSA-N,CCMSLIB00012467937,7999.791707
AMINOTHIAZOLE [M+H]+,Nc1nccs1,RAIPHJJURHTUIC-UHFFFAOYSA-N,CCMSLIB00012468191,369.9778328
PIMETHIXENE [M+H]+,CN1CCC(=C2c3ccccc3Sc3ccccc32)CC1,NZLVRVYNQYGMAB-UHFFFAOYSA-N,CCMSLIB00012468238,459.9451329
CYPERMETHRIN [M+H]+,CC1(C)C(C=C(Cl)Cl)C1C(=O)OC(C#N)c1cccc(Oc2ccccc2)c1,KAATUXNTWXVJKI-UHFFFAOYSA-N,CCMSLIB00012468311,1499.985586
FOSFOSAL [M+H]+,O=C(O)c1ccccc1OP(=O)(O)O,FFKUDWZICMJVPA-UHFFFAOYSA-N,CCMSLIB00012468443,983.9954892
PROTRYPTYLINE [M+H]+,CNCCCC1c2ccccc2C=Cc2ccccc21,BWPIARFWQZKAIA-UHFFFAOYSA-N,CCMSLIB00012468533,310.0188319
ALPRENOLOL [M+H]+,C=CCc1ccccc1OCC(O)CNC(C)C,PAZJSJFMUHDSTF-UHFFFAOYSA-N,CCMSLIB00012468724,336.9945944
IPRONIAZID [M+H]+,CC(C)NNC(=O)c1ccncc1,NYMGNSNKLVNMIA-UHFFFAOYSA-N,CCMSLIB00012468830,124.9979075
ANABASINE [M+H]+,c1cncc(C2CCCCN2)c1,MTXSIJUGVMTTMU-UHFFFAOYSA-N,CCMSLIB00012469424,246.990865
GYROMITRIN [M+Na]+,C/C=N/N(C)C=O,IMAGWKUTFZRWSB-HYXAFXHYSA-N,CCMSLIB00012470398,49.99950064
SUXIBUZONE [M+H]+,CCCCC1(COC(=O)CCC(=O)O)C(=O)N(c2ccccc2)N(c2ccccc2)C1=O,ONWXNHPOAGOMTG-UHFFFAOYSA-N,CCMSLIB00012470773,1266.057746
TODRALAZINE [M+H]+,CCOC(=O)NNc1nncc2ccccc12,WGZDBVOTUVNQFP-UHFFFAOYSA-N,CCMSLIB00012470788,398.9948461
TULOBUTEROL [M+H]+,CC(C)(C)NCC(O)c1ccccc1Cl,YREYLAVBNPACJM-UHFFFAOYSA-N,CCMSLIB00012471367,524.9884734
CARMOFUR [M+H]+,CCCCCCNC(=O)n1cc(F)c(=O)[nH]c1=O,AOCCBINRVIKJHY-UHFFFAOYSA-N,CCMSLIB00012471443,54.99893113
flavoxate [M+H]+,Cc1c(-c2ccccc2)oc2c(C(=O)OCCN3CCCCC3)cccc2c1=O,SPIUTQOUKAMGCX-UHFFFAOYSA-N,CCMSLIB00012277771,6000.505793
etretinate [M+H]+,CCOC(=O)C=C(C)C=CC=C(C)C=Cc1c(C)cc(OC)c(C)c1C,HQMNCQVAMBCHCO-UHFFFAOYSA-N,CCMSLIB00012281226,2000.056418
azosemide [M+H]+,NS(=O)(=O)c1cc(-c2nn[nH]n2)c(NCc2cccs2)cc1Cl,HMEDEBAJARCKCT-UHFFFAOYSA-N,CCMSLIB00012285591,281.96426
ROXATIDINE ACETATE [M+H]+,CC(=O)OCC(=O)NCCCOc1cccc(CN2CCCCC2)c1,SMTZFNFIKUPEJC-UHFFFAOYSA-N,CCMSLIB00012316346,899.8889341
Robenidine [M+H]+,N=C(NN=Cc1ccc(Cl)cc1)N/N=C/c1ccc(Cl)cc1,MOOFYEJFXBSZGE-FNMYJMHISA-N,CCMSLIB00012327346,1244.962748
atrazine [M+H]+,CCNc1nc(Cl)nc(NC(C)C)n1,MXWJVTOOROXGIU-UHFFFAOYSA-N,CCMSLIB00012335910,749.9721821
CYANAZINE [M+H]+,CCNc1nc(Cl)nc(NC(C)(C)C#N)n1,MZZBPDKVEFVLFF-UHFFFAOYSA-N,CCMSLIB00012339955,140.9953136
PHENPROCOUMON [M+H]+,CCC(c1ccccc1)c1c(O)c2ccccc2oc1=O,DQDAYGNAKTZFIW-UHFFFAOYSA-N,CCMSLIB00012346063,999.9179525
Chlorquinaldol [M+H]+,Cc1ccc2c(Cl)cc(Cl)c(O)c2n1,GPTXWRGISTZRIO-UHFFFAOYSA-N,CCMSLIB00012346605,159.994388
Pecazine [M+H]+,CN1CCCC(CN2c3ccccc3Sc3ccccc32)C1,CBHCDHNUZWWAPP-UHFFFAOYSA-N,CCMSLIB00012347199,1000.109514
(+)-Penbutolol [M+H]+,CC(C)(C)NCC(O)COc1ccccc1C1CCCC1,KQXKVJAGOJTNJS-UHFFFAOYSA-N,CCMSLIB00012351304,299.9639711
amikacin [M+H]+,NCCC(O)C(=O)NC1CC(N)C(OC2OC(CN)C(O)C(O)C2O)C(O)C1OC1OC(CO)C(O)C(N)C1O,LKCWBDHBTVXHDL-UHFFFAOYSA-N,CCMSLIB00012360849,2999.959019
Besthorn's hydrazone [M+H]+,Cn1c(=NN)sc2ccccc21,PHOLIFLKGONSGY-UHFFFAOYSA-N,CCMSLIB00012873798,176.9921004
SPBio_002628 [M]+,NC(=O)c1cc[n+](CC2=C(C(=O)O)N3C(=O)C(NC(=O)C(c4ccccc4)S(=O)(=O)O)C3SC2)cc1,SYLKGLMBLAAGSC-UHFFFAOYSA-O,CCMSLIB00013030587,15001.01205
MALTOL [M+H]+,Cc1occc(=O)c1O,XPCTZQVDEJYUGT-UHFFFAOYSA-N,CCMSLIB00013032365,1619.987154
ESTRAMUSTINE PHOSPHATE [M+H]+,CC12CCC3c4ccc(OC(=O)N(CCCl)CCCl)cc4CCC3C1CCC2OP(=O)(O)O,ADFOJJHRTBFFOF-UHFFFAOYSA-N,CCMSLIB00013033686,5655.10867
zotepine [M+H]+,CN(C)CCOC1=Cc2ccccc2Sc2ccc(Cl)cc21,HDOZVRUNCMBHFH-UHFFFAOYSA-N,CCMSLIB00013051457,250.0241062
Carindacillin [M+H]+,CC1(C)SC2C(NC(=O)C(C(=O)Oc3ccc4c(c3)CCC4)c3ccccc3)C(=O)N2C1C(=O)O,JIRBAUWICKGBFE-UHFFFAOYSA-N,CCMSLIB00013059323,3378.211734
cefuroxime axetil [M+NH4]+,CON=C(C(=O)NC1C(=O)N2C(C(=O)OC(C)OC(C)=O)=C(COC(N)=O)CSC12)c1ccco1,KEJCWVGMRLCZQQ-UHFFFAOYSA-N,CCMSLIB00013060223,200.0074438
Flucloxacillin [M+H]+,Cc1onc(-c2c(F)cccc2Cl)c1C(=O)NC1C(=O)N2C1SC(C)(C)C2C(=O)O,UIOFUWFRIANQPC-UHFFFAOYSA-N,CCMSLIB00013062330,8000.370149
BUPRANOLOL [M+H]+,Cc1ccc(Cl)c(OCC(O)CNC(C)(C)C)c1,HQIRNZOQPUAHHV-UHFFFAOYSA-N,CCMSLIB00013064690,894.9736549
propyl gallate [M-H]-,CCCOC(=O)c1cc(O)c(O)c(O)c1,ZTHYODDOHIVTJV-UHFFFAOYSA-N,CCMSLIB00012331804,2749.987043
"1,5-NAPHTHALENEDISULFONIC ACID [M-H]-",O=S(=O)(O)c1cccc2c(S(=O)(=O)O)cccc12,XTEGVFVZDVNBPF-UHFFFAOYSA-N,CCMSLIB00012346465,29999.79192
sultiame [M-H]-,NS(=O)(=O)c1ccc(N2CCCCS2(=O)=O)cc1,HMHVCUVYZFYAJI-UHFFFAOYSA-N,CCMSLIB00012349101,1000.117093
Ethylparaben [M-H]-,CCOC(=O)c1ccc(O)cc1,NUVBSKCKDOMJSU-UHFFFAOYSA-N,CCMSLIB00012855429,4999.819464
o-Toluidine M+H,Cc1ccccc1N,RNVCVTLRINQCPJ-UHFFFAOYSA-N,CCMSLIB00012728767,839.9529648
"""1,3-Diphenylguanidine"" M+H",N=C(Nc1ccccc1)Nc1ccccc1,OWRCNXZUPFZXOS-UHFFFAOYSA-N,CCMSLIB00012728813,249.9905336
Dichlofluanid M+H,CN(C)S(=O)(=O)N(SC(F)(Cl)Cl)c1ccccc1,WURGXGVFSMYFCG-UHFFFAOYSA-N,CCMSLIB00012728818,3499.611385
Difenacoum M+H,O=c1oc2ccccc2c(O)c1C1CC(c2ccc(-c3ccccc3)cc2)Cc2ccccc21,FVQITOLOYMWVFU-UHFFFAOYSA-N,CCMSLIB00012728819,1999.865025
Profenofos M+H,CCCSP(=O)(OCC)Oc1ccc(Br)cc1Cl,QYMMJNLHFKGANY-UHFFFAOYSA-N,CCMSLIB00012728844,699.9887592
Dazomet M+H,CN1CSC(=S)N(C)C1,QAYICIQNSGETAS-UHFFFAOYSA-N,CCMSLIB00012728846,120.0125705
Pyrogallol M-H,Oc1cccc(O)c1O,WQGWDDDVZFFDIG-UHFFFAOYSA-N,CCMSLIB00013639705,1599.987312
Procaterol_CE15 M+H,CCC(NC(C)C)C(O)c1ccc(O)c2[nH]c(=O)ccc12,FKNXQNWAXFXVNW-UHFFFAOYSA-N,CCMSLIB00013933831,4999.948335
Mabuterol_CE15 M+H,CC(C)(C)NCC(O)c1cc(Cl)c(N)c(C(F)(F)F)c1,JSJCTEKTBOKRST-UHFFFAOYSA-N,CCMSLIB00013933880,242.9945261
Fenthion_CE15 M+H,COP(=S)(OC)Oc1ccc(SC)c(C)c1,PNVJTZOFSHSLTO-UHFFFAOYSA-N,CCMSLIB00013937748,149.9811379
Demeton-S-methyl-sulfone_CE15 M+H,CCS(=O)(=O)CCSP(=O)(OC)OC,PZIRJMYRYORVIT-UHFFFAOYSA-N,CCMSLIB00013937776,50.00209692
Anilazine_CE15 M+H,Clc1nc(Cl)nc(Nc2ccccc2Cl)n1,IMHBYKMAHXWHRP-UHFFFAOYSA-N,CCMSLIB00013938133,399.962254
Dimefox_CE15 M+H,CN(C)P(=O)(F)N(C)C,PGJBQBDNXAZHBP-UHFFFAOYSA-N,CCMSLIB00013938497,2.999902676
Mepronil_CE15 M+H,Cc1ccccc1C(=O)Nc1cccc(OC(C)C)c1,BCTQJXQXJVLSIG-UHFFFAOYSA-N,CCMSLIB00013938551,9999.851502
Metoxuron_CE15 M+H,COc1ccc(NC(=O)N(C)C)cc1Cl,DSRNRYQBBJQVCW-UHFFFAOYSA-N,CCMSLIB00013938635,2299.909482
Simazine_CE15 M+H,CCNc1nc(Cl)nc(NCC)n1,ODCWYMIRDDJXKW-UHFFFAOYSA-N,CCMSLIB00013938684,4999.975207
Pyridaphenthion_CE15 M+H,CCOP(=S)(OCC)Oc1ccc(=O)n(-c2ccccc2)n1,CXJSOEPQXUCJSA-UHFFFAOYSA-N,CCMSLIB00013938789,4799.985899
Acetochlor_CE15 M+H,CCOCN(C(=O)CCl)c1c(C)cccc1CC,VTNQPKFIQCLBDU-UHFFFAOYSA-N,CCMSLIB00013939179,599.9955522
Tridemorph_CE15 M+H,CCCCCCCCCCCCCN1CC(C)OC(C)C1,YTOPFCCWCSOHFV-UHFFFAOYSA-N,CCMSLIB00013939361,649.1713968
Flubenzimine; Cropotex_CE15 M+H,FC(F)(F)N=C1SC(=Nc2ccccc2)N(c2ccccc2)C1=NC(F)(F)F,IZFZCMFMJKDHJZ-UHFFFAOYSA-N,CCMSLIB00013939382,359.9567673
Picloram_CE15 M+H,Nc1c(Cl)c(Cl)nc(C(=O)O)c1Cl,NQQVFXUMIDALNH-UHFFFAOYSA-N,CCMSLIB00013939494,2000.323035
Aziprotryn_CE15 M+H,CSc1nc([N-][N+]#N)nc(NC(C)C)n1,AFIIBUOYKYSPKB-UHFFFAOYSA-N,CCMSLIB00013939571,1799.992011
Edifenphos_CE15 M+H,CCOP(=O)(Sc1ccccc1)Sc1ccccc1,AWZOLILCOUMRDG-UHFFFAOYSA-N,CCMSLIB00013939578,350.0225534
Crufomate_CE15 M+H,CNP(=O)(OC)Oc1ccc(C(C)(C)C)cc1Cl,BOFHKBLZOYVHSI-UHFFFAOYSA-N,CCMSLIB00013939669,399.9931438
Fenpiclonil_CE15 M+H,N#Cc1c[nH]cc1-c1cccc(Cl)c1Cl,FKLFBQCQQYDUAM-UHFFFAOYSA-N,CCMSLIB00013939676,4999.810193
Bendiocarb_CE15 M+H,CNC(=O)Oc1cccc2c1OC(C)(C)O2,XEGGRYVFLWGFHI-UHFFFAOYSA-N,CCMSLIB00013939732,34.99874567
Flocoumafen_CE15 M+H,O=c1oc2ccccc2c(O)c1C1CC(c2ccc(OCc3ccc(C(F)(F)F)cc3)cc2)Cc2ccccc21,KKBGNYHHEIAGOH-UHFFFAOYSA-N,CCMSLIB00013939767,0.69993162
Brodifacoum_CE15 M+H,O=c1oc2ccccc2c(O)c1C1CC(c2ccc(-c3ccc(Br)cc3)cc2)Cc2ccccc21,VEUZZDOCACZPRY-UHFFFAOYSA-N,CCMSLIB00013939802,0.199990065
Methoprene_CE15 M+H,COC(C)(C)CCCC(C)CC=CC(C)=CC(=O)OC(C)C,NFGXHKASABOEEW-UHFFFAOYSA-N,CCMSLIB00013939900,3038.215265
Benzoylprop ethyl_CE15 M+H,CCOC(=O)C(C)N(C(=O)c1ccccc1)c1ccc(Cl)c(Cl)c1,SLCGUGMPSUYJAY-UHFFFAOYSA-N,CCMSLIB00013939977,999.8798606
Alachlor_CE15 M+H,CCc1cccc(CC)c1N(COC)C(=O)CCl,XCSGPAVHZFQHGE-UHFFFAOYSA-N,CCMSLIB00013940061,1739.987102
Coumatetralyl_CE15 M+H,O=c1oc2ccccc2c(O)c1C1CCCc2ccccc21,ULSLJYXHZDTLQK-UHFFFAOYSA-N,CCMSLIB00013940075,9.998836948
Allethrin_CE15 M+H,C=CCC1=C(C)C(OC(=O)C2C(C=C(C)C)C2(C)C)CC1=O,ZCVAOQKBXKSDMS-UHFFFAOYSA-N,CCMSLIB00013940243,4289.801402
Sulfotep_CE15 M+H,CCOP(=S)(OCC)OP(=S)(OCC)OCC,XIUROWKZWPIAIB-UHFFFAOYSA-N,CCMSLIB00013940306,24.99806094
Fenpropathrin_CE15 M+H,CC1(C)C(C(=O)OC(C#N)c2cccc(Oc3ccccc3)c2)C1(C)C,XQUXKZZNEFRCAW-UHFFFAOYSA-N,CCMSLIB00013940320,509.9562145
"""4,4'-Diaminodiphenylmethane; 4,4'-Methylenedianiline_CE15"" M+H",Nc1ccc(Cc2ccc(N)cc2)cc1,YBRVSVVVWCFQMG-UHFFFAOYSA-N,CCMSLIB00013940467,619.9718559
Stepronin [M+H]+,CC(SC(=O)c1cccs1)C(=O)NCC(=O)O,JNYSEDHQJCOWQU-UHFFFAOYSA-N,CCMSLIB00016142704,1583.79717
medazepam [M+H]+,CN1CCN=C(c2ccccc2)c2cc(Cl)ccc21,YLCXGBZIZBEVPZ-UHFFFAOYSA-N,CCMSLIB00016143780,529.9745531
mazindol [M+H]+,OC1(c2ccc(Cl)cc2)c2ccccc2C2=NCCN21,ZPXSCAKFGYXMGA-UHFFFAOYSA-N,CCMSLIB00016143933,97.99793507
Oxitropium [M+H]+,CC[N+]1(C)C2CC(OC(=O)C(CO)c3ccccc3)CC1C1OC12,NVOYVOBDTVTBDX-UHFFFAOYSA-N,CCMSLIB00016144011,7999.518684
Oxepinac [M+H]+,O=C(O)Cc1ccc2c(c1)OCc1ccccc1C2=O,PYIHCGFQQSKYBO-UHFFFAOYSA-N,CCMSLIB00016144191,307.9908152
METHOXYPHENAMINE [M+H]+,CNC(C)Cc1ccccc1OC,OEHAYUOVELTAPG-UHFFFAOYSA-N,CCMSLIB00016144633,651.9890893
Alinidine [M+H]+,C=CCN(C1=NCCN1)c1c(Cl)cccc1Cl,OXTYVEUAQHPPMV-UHFFFAOYSA-N,CCMSLIB00016144802,147.9928783
emorfazone [M+H]+,CCOc1c(N2CCOCC2)cnn(C)c1=O,URJQOOISAKEBKW-UHFFFAOYSA-N,CCMSLIB00016144823,839.9824467
Levofenfluramine [M+H]+,CCNC(C)Cc1cccc(C(F)(F)F)c1,DBGIVFWFUFKIQN-UHFFFAOYSA-N,CCMSLIB00016146448,49.99978378
MEFENOREX [M+H]+,CC(Cc1ccccc1)NCCCCl,XXVROGAVTTXONC-UHFFFAOYSA-N,CCMSLIB00016146882,235.9933126
BENZOCTAMINE [M+H]+,CNCC12CCC(c3ccccc31)c1ccccc12,GNRXCIONJWKSEA-UHFFFAOYSA-N,CCMSLIB00016146914,799.8171303
TIACRILAST [M+H]+,CSc1ccc2ncn(C=CC(=O)O)c(=O)c2c1,VHFPVEGFRVEDBK-UHFFFAOYSA-N,CCMSLIB00016148098,2000.000002
metildigoxin [M+H]+,COC1C(O)CC(OC2C(O)CC(OC3C(O)CC(OC4CCC5(C)C(CCC6C5CC(O)C5(C)C(C7=CC(=O)OC7)CCC65O)C4)OC3C)OC2C)OC1C,IYJMSDVSVHDVGT-UHFFFAOYSA-N,CCMSLIB00016148965,5.900178119
bromazepam [M+H]+,O=C1CN=C(c2ccccn2)c2cc(Br)ccc2N1,VMIYHDSEFNYJSL-UHFFFAOYSA-N,CCMSLIB00016149434,1689.957236
Isoxepac [M+H]+,O=C(O)Cc1ccc2c(c1)C(=O)c1ccccc1CO2,QFGMXJOBTNZHEL-UHFFFAOYSA-N,CCMSLIB00016150520,159.9952286
Bunitrolol [M+H]+,CC(C)(C)NCC(O)COc1ccccc1C#N,VCVQSRCYSKKPBA-UHFFFAOYSA-N,CCMSLIB00016150647,429.9896109
PYROVALERONE [M+H]+,CCCC(C(=O)c1ccc(C)cc1)N1CCCC1,SWUVZKWCOBGPTH-UHFFFAOYSA-N,CCMSLIB00016151217,359.991197
meperidine [M+H]+,CCOC(=O)C1(c2ccccc2)CCN(C)CC1,XADCESSVHJOZHK-UHFFFAOYSA-N,CCMSLIB00016153057,499.9838282
Terbufibrol [M-H]-,CC(C)(C)c1ccc(OCC(O)COc2ccc(C(=O)O)cc2)cc1,PXODZCMXOZRVEN-UHFFFAOYSA-N,CCMSLIB00016152450,1799.963414
phenobarbital [M-H]-,CCC1(c2ccccc2)C(=O)NC(=O)NC1=O,DDBREPKUVSBGFI-UHFFFAOYSA-N,CCMSLIB00016155375,166.5768569
Bemetizide [M-H]-,CC(c1ccccc1)C1Nc2cc(Cl)c(S(N)(=O)=O)cc2S(=O)(=O)N1,PYVUMAGVCSQCBD-UHFFFAOYSA-N,CCMSLIB00016155637,5000.037323
"3,4-dichloroaniline (known isomers: 0; isobaric peaks: 0) M+H",Nc1ccc(Cl)c(Cl)c1,SDYWXFYBZPNOFX-UHFFFAOYSA-N,CCMSLIB00014903705,674.9625052
bisphenol A (known isomers: 0; isobaric peaks: 0) M+NH4,CC(C)(c1ccc(O)cc1)c1ccc(O)cc1,IISBACLAFKSPIT-UHFFFAOYSA-N,CCMSLIB00014912607,2229.990234
acetyl chloride_benzyl alcohol (known isomers: 1; isobaric peaks: 1) M+NH4,CC(=O)OCc1ccccc1,QUKGYYKBILRGFE-UHFFFAOYSA-N,CCMSLIB00015060634,2199.897452
"Massbank:PR100423 N,N-Dimethylformamide|DMF|DMFA|N,N-Dimethylmethanamide|Formyldimethylamine|Formic acid dimethylamide|N,N-Dimethylformamide(DMF) [M+H]+",CN(C)C=O,ZMXDDKWLCZADIW-UHFFFAOYSA-N,CCMSLIB00000223247,4999.657981
Massbank:AU262306 Chlorpropham|propan-2-yl N-(3-chlorophenyl)carbamate M+H,CC(C)OC(=O)Nc1cccc(Cl)c1,CWJSHJJYOPWUGX-UHFFFAOYSA-N,CCMSLIB00005772309,4999.906398
"Massbank:AU242304 Quaternium-15 (free base)|Chloroallyl methenamine|1-[(Z)-3-chloroprop-2-enyl]-3,5,7-triaza-1-azoniatricyclo[3.3.1.1^{3,7}]decane M+H",ClC=CC[N+]12CN3CN(CN(C3)C1)C2,LDLCEGCJYSDJLX-UHFFFAOYSA-N,CCMSLIB00005772318,78.49708873
Massbank:AU581049 Bisphenol A diglycidyl ether|2-[[4-[2-[4-(oxiran-2-ylmethoxy)phenyl]propan-2-yl]phenoxy]methyl]oxirane M+NH4,CC(C)(c1ccc(OCC2CO2)cc1)c1ccc(OCC2CO2)cc1,LCFVJGUPQDGYKZ-UHFFFAOYSA-N,CCMSLIB00005772424,1979.889491
Massbank:AU247501 Tris(2-ethylhexl)phosphate|tris(2-ethylhexyl) phosphate M+H,CCCCC(CC)COP(=O)(OCC(CC)CCCC)OCC(CC)CCCC,GTVWRXDRKAHEAD-UHFFFAOYSA-N,CCMSLIB00005772949,45995.55494
Massbank:AU261605 Parathion-methyl|Methyl parathion|dimethoxy-(4-nitrophenoxy)-sulfanylidene-lambda5-phosphane M+H,COP(=S)(OC)Oc1ccc([N+](=O)[O-])cc1,RLBIQVVOMOPOHC-UHFFFAOYSA-N,CCMSLIB00005773621,419.9984041
Massbank:AU243806 2-Aminopyridine|pyridin-2-amine M+H,Nc1ccccn1,ICSNLGPSRYBMBD-UHFFFAOYSA-N,CCMSLIB00005776058,740.9448869
ACRYLAMIDE M+H,C=CC(N)=O,HRPVXLWXLXDGHG-UHFFFAOYSA-N,CCMSLIB00006678429,150.0021104
